[{"model": "index.health", "pk": 1, "fields": {"name": "血管生成", "replied": null}}, {"model": "index.health", "pk": 2, "fields": {"name": "再生", "replied": null}}, {"model": "index.health", "pk": 3, "fields": {"name": "微生物组", "replied": null}}, {"model": "index.health", "pk": 4, "fields": {"name": "DNA保护", "replied": null}}, {"model": "index.health", "pk": 5, "fields": {"name": "免疫", "replied": null}}, {"model": "index.health", "pk": 6, "fields": {"name": "抗血管生成", "replied": 1}}, {"model": "index.health", "pk": 7, "fields": {"name": "刺激血管生成", "replied": 1}}, {"model": "index.foodtype", "pk": 1, "fields": {"name": "水果"}}, {"model": "index.foodtype", "pk": 2, "fields": {"name": "蔬菜"}}, {"model": "index.foodtype", "pk": 3, "fields": {"name": "豆类/菌类"}}, {"model": "index.foodtype", "pk": 4, "fields": {"name": "坚果、种子、全谷物、面包"}}, {"model": "index.foodtype", "pk": 5, "fields": {"name": "海鲜"}}, {"model": "index.foodtype", "pk": 6, "fields": {"name": "肉类"}}, {"model": "index.foodtype", "pk": 7, "fields": {"name": "乳制品"}}, {"model": "index.foodtype", "pk": 8, "fields": {"name": "香料/香草"}}, {"model": "index.foodtype", "pk": 9, "fields": {"name": "食用油"}}, {"model": "index.foodtype", "pk": 10, "fields": {"name": "糖果"}}, {"model": "index.foodtype", "pk": 11, "fields": {"name": "饮料"}}, {"model": "index.food", "pk": 1, "fields": {"name": "杏仁", "health": 6, "food_type": 4}}, {"model": "index.food", "pk": 2, "fields": {"name": "凤尾鱼", "health": 6, "food_type": 5}}, {"model": "index.food", "pk": 3, "fields": {"name": "苹果皮", "health": 6, "food_type": 1}}, {"model": "index.food", "pk": 4, "fields": {"name": "苹果（澳洲青苹、蛇果、斑皮苹果）", "health": 6, "food_type": 1}}, {"model": "index.food", "pk": 5, "fields": {"name": "杏", "health": 6, "food_type": 4}}, {"model": "index.food", "pk": 6, "fields": {"name": "北极红点鲑", "health": 6, "food_type": 5}}, {"model": "index.food", "pk": 7, "fields": {"name": "芝麻菜", "health": 6, "food_type": 2}}, {"model": "index.food", "pk": 8, "fields": {"name": "竹笋", "health": 6, "food_type": 2}}, {"model": "index.food", "pk": 9, "fields": {"name": "大麦", "health": 6, "food_type": 4}}, {"model": "index.food", "pk": 10, "fields": {"name": "啤酒", "health": 6, "food_type": 11}}, {"model": "index.food", "pk": 11, "fields": {"name": "比利时菊苣", "health": 6, "food_type": 2}}, {"model": "index.food", "pk": 12, "fields": {"name": "大眼金枪鱼", "health": 6, "food_type": 5}}, {"model": "index.food", "pk": 13, "fields": {"name": "黑鲈鱼", "health": 6, "food_type": 5}}, {"model": "index.food", "pk": 14, "fields": {"name": "黑豆", "health": 6, "food_type": 3}}, {"model": "index.food", "pk": 15, "fields": {"name": "黑李子", "health": 6, "food_type": 1}}, {"model": "index.food", "pk": 16, "fields": {"name": "黑覆盆子", "health": 6, "food_type": 1}}, {"model": "index.food", "pk": 17, "fields": {"name": "红茶", "health": 6, "food_type": 11}}, {"model": "index.food", "pk": 18, "fields": {"name": "黑莓", "health": 6, "food_type": 1}}, {"model": "index.food", "pk": 19, "fields": {"name": "蓝莓", "health": 6, "food_type": 1}}, {"model": "index.food", "pk": 20, "fields": {"name": "蓝莓干", "health": 6, "food_type": 1}}, {"model": "index.food", "pk": 21, "fields": {"name": "蓝鳍金枪鱼", "health": 6, "food_type": 5}}, {"model": "index.food", "pk": 22, "fields": {"name": "青鱼", "health": 6, "food_type": 5}}, {"model": "index.food", "pk": 23, "fields": {"name": "小白菜", "health": 6, "food_type": 2}}, {"model": "index.food", "pk": 24, "fields": {"name": "腌鲻鱼卵", "health": 6, "food_type": 5}}, {"model": "index.food", "pk": 25, "fields": {"name": "西蓝花", "health": 6, "food_type": 2}}, {"model": "index.food", "pk": 26, "fields": {"name": "球花甘蓝", "health": 6, "food_type": 2}}, {"model": "index.food", "pk": 27, "fields": {"name": "卷心菜", "health": 6, "food_type": 2}}, {"model": "index.food", "pk": 28, "fields": {"name": "卡芒贝尔奶酪", "health": 6, "food_type": 7}}, {"model": "index.food", "pk": 29, "fields": {"name": "刺山柑", "health": 6, "food_type": 2}}, {"model": "index.food", "pk": 30, "fields": {"name": "胡萝卜", "health": 6, "food_type": 2}}, {"model": "index.food", "pk": 31, "fields": {"name": "腰果", "health": 6, "food_type": 4}}, {"model": "index.food", "pk": 32, "fields": {"name": "花椰菜", "health": 6, "food_type": 2}}, {"model": "index.food", "pk": 33, "fields": {"name": "鱼子酱（鲟鱼）", "health": 6, "food_type": 5}}, {"model": "index.food", "pk": 34, "fields": {"name": "洋甘菊茶", "health": 6, "food_type": 11}}, {"model": "index.food", "pk": 35, "fields": {"name": "樱桃", "health": 6, "food_type": 1}}, {"model": "index.food", "pk": 36, "fields": {"name": "樱桃干", "health": 6, "food_type": 1}}, {"model": "index.food", "pk": 37, "fields": {"name": "圣女果", "health": 6, "food_type": 2}}, {"model": "index.food", "pk": 38, "fields": {"name": "栗子", "health": 6, "food_type": 4}}, {"model": "index.food", "pk": 39, "fields": {"name": "奇亚籽", "health": 6, "food_type": 4}}, {"model": "index.food", "pk": 40, "fields": {"name": "鸡肉（深色肉）", "health": 6, "food_type": 6}}, {"model": "index.food", "pk": 41, "fields": {"name": "辣椒", "health": 6, "food_type": 2}}, {"model": "index.food", "pk": 42, "fields": {"name": "肉桂", "health": 6, "food_type": 8}}, {"model": "index.food", "pk": 43, "fields": {"name": "苹果浊汁", "health": 6, "food_type": 11}}, {"model": "index.food", "pk": 44, "fields": {"name": "鸟蛤", "health": 6, "food_type": 5}}, {"model": "index.food", "pk": 45, "fields": {"name": "咖啡", "health": 6, "food_type": 11}}, {"model": "index.food", "pk": 46, "fields": {"name": "蔓越莓", "health": 6, "food_type": 11}}, {"model": "index.food", "pk": 47, "fields": {"name": "蔓越莓干", "health": 6, "food_type": 1}}, {"model": "index.food", "pk": 48, "fields": {"name": "黑巧克力", "health": 6, "food_type": 10}}, {"model": "index.food", "pk": 49, "fields": {"name": "东方牡蛎", "health": 6, "food_type": 5}}, {"model": "index.food", "pk": 50, "fields": {"name": "埃丹奶酪", "health": 6, "food_type": 7}}, {"model": "index.food", "pk": 51, "fields": {"name": "茄子", "health": 6, "food_type": 2}}, {"model": "index.food", "pk": 52, "fields": {"name": "埃门塔尔奶酪", "health": 6, "food_type": 7}}, {"model": "index.food", "pk": 53, "fields": {"name": "阔叶菊苣", "health": 6, "food_type": 2}}, {"model": "index.food", "pk": 54, "fields": {"name": "蕨菜", "health": 6, "food_type": 2}}, {"model": "index.food", "pk": 55, "fields": {"name": "鱼卵（三文鱼）", "health": 6, "food_type": 5}}, {"model": "index.food", "pk": 56, "fields": {"name": "亚麻籽", "health": 6, "food_type": 4}}, {"model": "index.food", "pk": 57, "fields": {"name": "卷叶菊苣", "health": 6, "food_type": 2}}, {"model": "index.food", "pk": 58, "fields": {"name": "人参", "health": 6, "food_type": 8}}, {"model": "index.food", "pk": 59, "fields": {"name": "豪达奶酪", "health": 6, "food_type": 7}}, {"model": "index.food", "pk": 60, "fields": {"name": "鲻鱼", "health": 6, "food_type": 5}}, {"model": "index.food", "pk": 61, "fields": {"name": "绿茶", "health": 6, "food_type": 11}}, {"model": "index.food", "pk": 62, "fields": {"name": "番石榴", "health": 6, "food_type": 1}}, {"model": "index.food", "pk": 63, "fields": {"name": "鳕鱼", "health": 6, "food_type": 5}}, {"model": "index.food", "pk": 64, "fields": {"name": "大比目鱼", "health": 6, "food_type": 5}}, {"model": "index.food", "pk": 65, "fields": {"name": "伊比利亚橡果火腿", "health": 6, "food_type": 6}}, {"model": "index.food", "pk": 66, "fields": {"name": "亚尔斯贝格奶酪", "health": 6, "food_type": 7}}, {"model": "index.food", "pk": 67, "fields": {"name": "茉莉花茶", "health": 6, "food_type": 11}}, {"model": "index.food", "pk": 68, "fields": {"name": "海鲂", "health": 6, "food_type": 5}}, {"model": "index.food", "pk": 69, "fields": {"name": "羽衣甘蓝", "health": 6, "food_type": 2}}, {"model": "index.food", "pk": 70, "fields": {"name": "韩国泡菜", "health": 6, "food_type": 2}}, {"model": "index.food", "pk": 71, "fields": {"name": "奇异果", "health": 6, "food_type": 1}}, {"model": "index.food", "pk": 72, "fields": {"name": "甘草", "health": 6, "food_type": 8}}, {"model": "index.food", "pk": 73, "fields": {"name": "荔枝", "health": 6, "food_type": 1}}, {"model": "index.food", "pk": 74, "fields": {"name": "夏威夷果", "health": 6, "food_type": 4}}, {"model": "index.food", "pk": 75, "fields": {"name": "鲭鱼", "health": 6, "food_type": 5}}, {"model": "index.food", "pk": 76, "fields": {"name": "杧果", "health": 6, "food_type": 1}}, {"model": "index.food", "pk": 77, "fields": {"name": "菲律宾蛤仔", "health": 6, "food_type": 5}}, {"model": "index.food", "pk": 78, "fields": {"name": "地中海鲈鱼", "health": 6, "food_type": 5}}, {"model": "index.food", "pk": 79, "fields": {"name": "明斯特奶酪", "health": 6, "food_type": 7}}, {"model": "index.food", "pk": 80, "fields": {"name": "菜豆", "health": 6, "food_type": 3}}, {"model": "index.food", "pk": 81, "fields": {"name": "油桃", "health": 6, "food_type": 1}}, {"model": "index.food", "pk": 82, "fields": {"name": "橄榄油（特级初榨橄榄油）", "health": 6, "food_type": 9}}, {"model": "index.food", "pk": 83, "fields": {"name": "洋葱", "health": 6, "food_type": 2}}, {"model": "index.food", "pk": 84, "fields": {"name": "乌龙茶", "health": 6, "food_type": 11}}, {"model": "index.food", "pk": 85, "fields": {"name": "牛至", "health": 6, "food_type": 8}}, {"model": "index.food", "pk": 86, "fields": {"name": "太平洋牡蛎", "health": 6, "food_type": 5}}, {"model": "index.food", "pk": 87, "fields": {"name": "桃", "health": 6, "food_type": 4}}, {"model": "index.food", "pk": 88, "fields": {"name": "薄荷", "health": 6, "food_type": 8}}, {"model": "index.food", "pk": 89, "fields": {"name": "松子", "health": 6, "food_type": 4}}, {"model": "index.food", "pk": 90, "fields": {"name": "粉红葡萄柚", "health": 6, "food_type": 1}}, {"model": "index.food", "pk": 91, "fields": {"name": "开心果", "health": 6, "food_type": 4}}, {"model": "index.food", "pk": 92, "fields": {"name": "李子", "health": 6, "food_type": 1}}, {"model": "index.food", "pk": 93, "fields": {"name": "石榴", "health": 6, "food_type": 11}}, {"model": "index.food", "pk": 94, "fields": {"name": "鲳鲹鱼", "health": 6, "food_type": 5}}, {"model": "index.food", "pk": 95, "fields": {"name": "帕尔马火腿", "health": 6, "food_type": 6}}, {"model": "index.food", "pk": 96, "fields": {"name": "南瓜子", "health": 6, "food_type": 4}}, {"model": "index.food", "pk": 97, "fields": {"name": "绿叶菊苣", "health": 6, "food_type": 2}}, {"model": "index.food", "pk": 98, "fields": {"name": "红菊苣", "health": 6, "food_type": 2}}, {"model": "index.food", "pk": 99, "fields": {"name": "虹鳟鱼", "health": 6, "food_type": 5}}, {"model": "index.food", "pk": 100, "fields": {"name": "覆盆子", "health": 6, "food_type": 1}}, {"model": "index.food", "pk": 101, "fields": {"name": "红黑皮番茄", "health": 6, "food_type": 2}}, {"model": "index.food", "pk": 102, "fields": {"name": "红鱼", "health": 6, "food_type": 5}}, {"model": "index.food", "pk": 103, "fields": {"name": "红叶莴苣", "health": 6, "food_type": 2}}, {"model": "index.food", "pk": 104, "fields": {"name": "红鲻鱼", "health": 6, "food_type": 5}}, {"model": "index.food", "pk": 105, "fields": {"name": "红葡萄酒（赤霞珠、品丽珠、味而多）", "health": 6, "food_type": 11}}, {"model": "index.food", "pk": 106, "fields": {"name": "罗马花椰菜", "health": 6, "food_type": 2}}, {"model": "index.food", "pk": 107, "fields": {"name": "迷迭香", "health": 6, "food_type": 8}}, {"model": "index.food", "pk": 108, "fields": {"name": "芜菁甘蓝", "health": 6, "food_type": 2}}, {"model": "index.food", "pk": 109, "fields": {"name": "三文鱼", "health": 6, "food_type": 5}}, {"model": "index.food", "pk": 110, "fields": {"name": "圣马扎诺番茄", "health": 6, "food_type": 2}}, {"model": "index.food", "pk": 111, "fields": {"name": "沙丁鱼", "health": 6, "food_type": 5}}, {"model": "index.food", "pk": 112, "fields": {"name": "德国酸菜", "health": 6, "food_type": 2}}, {"model": "index.food", "pk": 113, "fields": {"name": "海鲷", "health": 6, "food_type": 5}}, {"model": "index.food", "pk": 114, "fields": {"name": "海参", "health": 6, "food_type": 5}}, {"model": "index.food", "pk": 115, "fields": {"name": "煎茶", "health": 6, "food_type": 11}}, {"model": "index.food", "pk": 116, "fields": {"name": "芝麻", "health": 6, "food_type": 4}}, {"model": "index.food", "pk": 117, "fields": {"name": "大豆", "health": 6, "food_type": 3}}, {"model": "index.food", "pk": 118, "fields": {"name": "刺龙虾", "health": 6, "food_type": 5}}, {"model": "index.food", "pk": 119, "fields": {"name": "西葫芦花", "health": 6, "food_type": 2}}, {"model": "index.food", "pk": 120, "fields": {"name": "墨鱼汁", "health": 6, "food_type": 5}}, {"model": "index.food", "pk": 121, "fields": {"name": "斯蒂尔顿奶酪", "health": 6, "food_type": 7}}, {"model": "index.food", "pk": 122, "fields": {"name": "草莓", "health": 6, "food_type": 1}}, {"model": "index.food", "pk": 123, "fields": {"name": "无核葡萄干", "health": 6, "food_type": 1}}, {"model": "index.food", "pk": 124, "fields": {"name": "葵花子", "health": 6, "food_type": 4}}, {"model": "index.food", "pk": 125, "fields": {"name": "剑鱼", "health": 6, "food_type": 5}}, {"model": "index.food", "pk": 126, "fields": {"name": "橘红色番茄", "health": 6, "food_type": 2}}, {"model": "index.food", "pk": 127, "fields": {"name": "特雷维索菊苣", "health": 6, "food_type": 2}}, {"model": "index.food", "pk": 128, "fields": {"name": "铁观音绿茶", "health": 6, "food_type": 11}}, {"model": "index.food", "pk": 129, "fields": {"name": "金枪鱼", "health": 6, "food_type": 5}}, {"model": "index.food", "pk": 130, "fields": {"name": "姜黄", "health": 6, "food_type": 8}}, {"model": "index.food", "pk": 131, "fields": {"name": "芜菁", "health": 6, "food_type": 2}}, {"model": "index.food", "pk": 132, "fields": {"name": "核桃", "health": 6, "food_type": 4}}, {"model": "index.food", "pk": 133, "fields": {"name": "西瓜", "health": 6, "food_type": 1}}, {"model": "index.food", "pk": 134, "fields": {"name": "黄尾鱼", "health": 6, "food_type": 5}}, {"model": "index.food", "pk": 135, "fields": {"name": "苹果皮", "health": 7, "food_type": 1}}, {"model": "index.food", "pk": 136, "fields": {"name": "苹果（澳洲青苹、蛇果、斑皮苹果）", "health": 7, "food_type": 1}}, {"model": "index.food", "pk": 137, "fields": {"name": "芦笋", "health": 7, "food_type": 2}}, {"model": "index.food", "pk": 138, "fields": {"name": "大麦", "health": 7, "food_type": 4}}, {"model": "index.food", "pk": 139, "fields": {"name": "比利时菊苣", "health": 7, "food_type": 2}}, {"model": "index.food", "pk": 140, "fields": {"name": "黑李子", "health": 7, "food_type": 1}}, {"model": "index.food", "pk": 141, "fields": {"name": "蓝莓干", "health": 7, "food_type": 1}}, {"model": "index.food", "pk": 142, "fields": {"name": "刺山柑", "health": 7, "food_type": 2}}, {"model": "index.food", "pk": 143, "fields": {"name": "樱桃干", "health": 7, "food_type": 1}}, {"model": "index.food", "pk": 144, "fields": {"name": "奇亚籽", "health": 7, "food_type": 4}}, {"model": "index.food", "pk": 145, "fields": {"name": "辣椒", "health": 7, "food_type": 2}}, {"model": "index.food", "pk": 146, "fields": {"name": "蔓越莓", "health": 7, "food_type": 11}}, {"model": "index.food", "pk": 147, "fields": {"name": "蔓越莓干", "health": 7, "food_type": 1}}, {"model": "index.food", "pk": 148, "fields": {"name": "阔叶菊苣", "health": 7, "food_type": 2}}, {"model": "index.food", "pk": 149, "fields": {"name": "亚麻籽", "health": 7, "food_type": 4}}, {"model": "index.food", "pk": 150, "fields": {"name": "卷叶菊苣", "health": 7, "food_type": 2}}, {"model": "index.food", "pk": 151, "fields": {"name": "人参", "health": 7, "food_type": 8}}, {"model": "index.food", "pk": 152, "fields": {"name": "洋葱", "health": 7, "food_type": 2}}, {"model": "index.food", "pk": 153, "fields": {"name": "薄荷", "health": 7, "food_type": 8}}, {"model": "index.food", "pk": 154, "fields": {"name": "南瓜子", "health": 7, "food_type": 4}}, {"model": "index.food", "pk": 155, "fields": {"name": "绿叶菊苣", "health": 7, "food_type": 2}}, {"model": "index.food", "pk": 156, "fields": {"name": "红菊苣", "health": 7, "food_type": 2}}, {"model": "index.food", "pk": 157, "fields": {"name": "红叶莴苣", "health": 7, "food_type": 2}}, {"model": "index.food", "pk": 158, "fields": {"name": "迷迭香", "health": 7, "food_type": 8}}, {"model": "index.food", "pk": 159, "fields": {"name": "芝麻", "health": 7, "food_type": 4}}, {"model": "index.food", "pk": 160, "fields": {"name": "无核葡萄干", "health": 7, "food_type": 1}}, {"model": "index.food", "pk": 161, "fields": {"name": "葵花子", "health": 7, "food_type": 4}}, {"model": "index.food", "pk": 162, "fields": {"name": "特雷维索菊苣", "health": 7, "food_type": 2}}, {"model": "index.food", "pk": 163, "fields": {"name": "凤尾鱼", "health": 2, "food_type": 5}}, {"model": "index.food", "pk": 164, "fields": {"name": "苹果皮", "health": 2, "food_type": 1}}, {"model": "index.food", "pk": 165, "fields": {"name": "苹果（澳洲青苹、蛇果、斑皮苹果）", "health": 2, "food_type": 1}}, {"model": "index.food", "pk": 166, "fields": {"name": "杏", "health": 2, "food_type": 4}}, {"model": "index.food", "pk": 167, "fields": {"name": "北极红点鲑", "health": 2, "food_type": 5}}, {"model": "index.food", "pk": 168, "fields": {"name": "竹笋", "health": 2, "food_type": 2}}, {"model": "index.food", "pk": 169, "fields": {"name": "大麦", "health": 2, "food_type": 4}}, {"model": "index.food", "pk": 170, "fields": {"name": "啤酒", "health": 2, "food_type": 11}}, {"model": "index.food", "pk": 171, "fields": {"name": "比利时菊苣", "health": 2, "food_type": 2}}, {"model": "index.food", "pk": 172, "fields": {"name": "大眼金枪鱼", "health": 2, "food_type": 5}}, {"model": "index.food", "pk": 173, "fields": {"name": "苦瓜", "health": 2, "food_type": 1}}, {"model": "index.food", "pk": 174, "fields": {"name": "黑鲈鱼", "health": 2, "food_type": 5}}, {"model": "index.food", "pk": 175, "fields": {"name": "黑果腺肋花楸", "health": 2, "food_type": 1}}, {"model": "index.food", "pk": 176, "fields": {"name": "黑李子", "health": 2, "food_type": 1}}, {"model": "index.food", "pk": 177, "fields": {"name": "黑覆盆子", "health": 2, "food_type": 1}}, {"model": "index.food", "pk": 178, "fields": {"name": "红茶", "health": 2, "food_type": 11}}, {"model": "index.food", "pk": 179, "fields": {"name": "黑莓", "health": 2, "food_type": 1}}, {"model": "index.food", "pk": 180, "fields": {"name": "蓝莓", "health": 2, "food_type": 1}}, {"model": "index.food", "pk": 181, "fields": {"name": "蓝莓干", "health": 2, "food_type": 1}}, {"model": "index.food", "pk": 182, "fields": {"name": "蓝鳍金枪鱼", "health": 2, "food_type": 5}}, {"model": "index.food", "pk": 183, "fields": {"name": "青鱼", "health": 2, "food_type": 5}}, {"model": "index.food", "pk": 184, "fields": {"name": "腌鲻鱼卵", "health": 2, "food_type": 5}}, {"model": "index.food", "pk": 185, "fields": {"name": "刺山柑", "health": 2, "food_type": 2}}, {"model": "index.food", "pk": 186, "fields": {"name": "胡萝卜", "health": 2, "food_type": 2}}, {"model": "index.food", "pk": 187, "fields": {"name": "鱼子酱（鲟鱼）", "health": 2, "food_type": 5}}, {"model": "index.food", "pk": 188, "fields": {"name": "芹菜", "health": 2, "food_type": 2}}, {"model": "index.food", "pk": 189, "fields": {"name": "洋甘菊茶", "health": 2, "food_type": 11}}, {"model": "index.food", "pk": 190, "fields": {"name": "樱桃", "health": 2, "food_type": 1}}, {"model": "index.food", "pk": 191, "fields": {"name": "樱桃干", "health": 2, "food_type": 1}}, {"model": "index.food", "pk": 192, "fields": {"name": "栗子", "health": 2, "food_type": 4}}, {"model": "index.food", "pk": 193, "fields": {"name": "奇亚籽", "health": 2, "food_type": 4}}, {"model": "index.food", "pk": 194, "fields": {"name": "辣椒", "health": 2, "food_type": 2}}, {"model": "index.food", "pk": 195, "fields": {"name": "中国芹菜", "health": 2, "food_type": 2}}, {"model": "index.food", "pk": 196, "fields": {"name": "鸟蛤", "health": 2, "food_type": 5}}, {"model": "index.food", "pk": 197, "fields": {"name": "咖啡", "health": 2, "food_type": 11}}, {"model": "index.food", "pk": 198, "fields": {"name": "芥蓝", "health": 2, "food_type": 2}}, {"model": "index.food", "pk": 199, "fields": {"name": "康科德葡萄汁", "health": 2, "food_type": 11}}, {"model": "index.food", "pk": 200, "fields": {"name": "蔓越莓", "health": 2, "food_type": 11}}, {"model": "index.food", "pk": 201, "fields": {"name": "蔓越莓干", "health": 2, "food_type": 1}}, {"model": "index.food", "pk": 202, "fields": {"name": "黑巧克力", "health": 2, "food_type": 10}}, {"model": "index.food", "pk": 203, "fields": {"name": "东方牡蛎", "health": 2, "food_type": 5}}, {"model": "index.food", "pk": 204, "fields": {"name": "茄子", "health": 2, "food_type": 2}}, {"model": "index.food", "pk": 205, "fields": {"name": "阔叶菊苣", "health": 2, "food_type": 2}}, {"model": "index.food", "pk": 206, "fields": {"name": "蕨菜", "health": 2, "food_type": 2}}, {"model": "index.food", "pk": 207, "fields": {"name": "鱼卵（三文鱼）", "health": 2, "food_type": 5}}, {"model": "index.food", "pk": 208, "fields": {"name": "亚麻籽", "health": 2, "food_type": 4}}, {"model": "index.food", "pk": 209, "fields": {"name": "卷叶菊苣", "health": 2, "food_type": 2}}, {"model": "index.food", "pk": 210, "fields": {"name": "人参", "health": 2, "food_type": 8}}, {"model": "index.food", "pk": 211, "fields": {"name": "枸杞", "health": 2, "food_type": 1}}, {"model": "index.food", "pk": 212, "fields": {"name": "葡萄", "health": 2, "food_type": 11}}, {"model": "index.food", "pk": 213, "fields": {"name": "鲻鱼", "health": 2, "food_type": 5}}, {"model": "index.food", "pk": 214, "fields": {"name": "四季豆", "health": 2, "food_type": 2}}, {"model": "index.food", "pk": 215, "fields": {"name": "绿茶", "health": 2, "food_type": 11}}, {"model": "index.food", "pk": 216, "fields": {"name": "鳕鱼", "health": 2, "food_type": 5}}, {"model": "index.food", "pk": 217, "fields": {"name": "大比目鱼", "health": 2, "food_type": 5}}, {"model": "index.food", "pk": 218, "fields": {"name": "海鲂", "health": 2, "food_type": 5}}, {"model": "index.food", "pk": 219, "fields": {"name": "羽衣甘蓝", "health": 2, "food_type": 2}}, {"model": "index.food", "pk": 220, "fields": {"name": "奇异果", "health": 2, "food_type": 1}}, {"model": "index.food", "pk": 221, "fields": {"name": "荔枝", "health": 2, "food_type": 1}}, {"model": "index.food", "pk": 222, "fields": {"name": "鲭鱼", "health": 2, "food_type": 5}}, {"model": "index.food", "pk": 223, "fields": {"name": "杧果", "health": 2, "food_type": 1}}, {"model": "index.food", "pk": 224, "fields": {"name": "菲律宾蛤仔", "health": 2, "food_type": 5}}, {"model": "index.food", "pk": 225, "fields": {"name": "地中海鲈鱼", "health": 2, "food_type": 5}}, {"model": "index.food", "pk": 226, "fields": {"name": "芥菜", "health": 2, "food_type": 2}}, {"model": "index.food", "pk": 227, "fields": {"name": "油桃", "health": 2, "food_type": 1}}, {"model": "index.food", "pk": 228, "fields": {"name": "橄榄油（特级初榨橄榄油）", "health": 2, "food_type": 9}}, {"model": "index.food", "pk": 229, "fields": {"name": "洋葱", "health": 2, "food_type": 2}}, {"model": "index.food", "pk": 230, "fields": {"name": "牛至", "health": 2, "food_type": 8}}, {"model": "index.food", "pk": 231, "fields": {"name": "太平洋牡蛎", "health": 2, "food_type": 5}}, {"model": "index.food", "pk": 232, "fields": {"name": "桃子", "health": 2, "food_type": 1}}, {"model": "index.food", "pk": 233, "fields": {"name": "花生", "health": 2, "food_type": 4}}, {"model": "index.food", "pk": 234, "fields": {"name": "薄荷", "health": 2, "food_type": 8}}, {"model": "index.food", "pk": 235, "fields": {"name": "柿子", "health": 2, "food_type": 1}}, {"model": "index.food", "pk": 236, "fields": {"name": "开心果", "health": 2, "food_type": 4}}, {"model": "index.food", "pk": 237, "fields": {"name": "李子", "health": 2, "food_type": 1}}, {"model": "index.food", "pk": 238, "fields": {"name": "石榴", "health": 2, "food_type": 11}}, {"model": "index.food", "pk": 239, "fields": {"name": "鲳鲹鱼", "health": 2, "food_type": 5}}, {"model": "index.food", "pk": 240, "fields": {"name": "南瓜子", "health": 2, "food_type": 4}}, {"model": "index.food", "pk": 241, "fields": {"name": "绿叶菊苣", "health": 2, "food_type": 2}}, {"model": "index.food", "pk": 242, "fields": {"name": "紫土豆", "health": 2, "food_type": 2}}, {"model": "index.food", "pk": 243, "fields": {"name": "红菊苣", "health": 2, "food_type": 2}}, {"model": "index.food", "pk": 244, "fields": {"name": "虹鳟鱼", "health": 2, "food_type": 5}}, {"model": "index.food", "pk": 245, "fields": {"name": "覆盆子", "health": 2, "food_type": 1}}, {"model": "index.food", "pk": 246, "fields": {"name": "蛏子", "health": 2, "food_type": 5}}, {"model": "index.food", "pk": 247, "fields": {"name": "红叶莴苣", "health": 2, "food_type": 2}}, {"model": "index.food", "pk": 248, "fields": {"name": "红鲻鱼", "health": 2, "food_type": 5}}, {"model": "index.food", "pk": 249, "fields": {"name": "红葡萄酒（赤霞珠、品丽珠、味而多）", "health": 2, "food_type": 11}}, {"model": "index.food", "pk": 250, "fields": {"name": "红鱼", "health": 2, "food_type": 5}}, {"model": "index.food", "pk": 251, "fields": {"name": "米糠", "health": 2, "food_type": 4}}, {"model": "index.food", "pk": 252, "fields": {"name": "迷迭香", "health": 2, "food_type": 8}}, {"model": "index.food", "pk": 253, "fields": {"name": "藏红花", "health": 2, "food_type": 8}}, {"model": "index.food", "pk": 254, "fields": {"name": "三文鱼", "health": 2, "food_type": 5}}, {"model": "index.food", "pk": 255, "fields": {"name": "沙丁鱼", "health": 2, "food_type": 5}}, {"model": "index.food", "pk": 256, "fields": {"name": "海鲈", "health": 2, "food_type": 5}}, {"model": "index.food", "pk": 257, "fields": {"name": "海鲷", "health": 2, "food_type": 5}}, {"model": "index.food", "pk": 258, "fields": {"name": "海参", "health": 2, "food_type": 5}}, {"model": "index.food", "pk": 259, "fields": {"name": "芝麻", "health": 2, "food_type": 4}}, {"model": "index.food", "pk": 260, "fields": {"name": "大豆", "health": 2, "food_type": 3}}, {"model": "index.food", "pk": 261, "fields": {"name": "菠菜", "health": 2, "food_type": 2}}, {"model": "index.food", "pk": 262, "fields": {"name": "刺龙虾", "health": 2, "food_type": 5}}, {"model": "index.food", "pk": 263, "fields": {"name": "西葫芦花", "health": 2, "food_type": 2}}, {"model": "index.food", "pk": 264, "fields": {"name": "墨鱼汁", "health": 2, "food_type": 5}}, {"model": "index.food", "pk": 265, "fields": {"name": "草莓", "health": 2, "food_type": 1}}, {"model": "index.food", "pk": 266, "fields": {"name": "无核葡萄干", "health": 2, "food_type": 1}}, {"model": "index.food", "pk": 267, "fields": {"name": "葵花子", "health": 2, "food_type": 4}}, {"model": "index.food", "pk": 268, "fields": {"name": "牛皮菜", "health": 2, "food_type": 2}}, {"model": "index.food", "pk": 269, "fields": {"name": "剑鱼", "health": 2, "food_type": 5}}, {"model": "index.food", "pk": 270, "fields": {"name": "特雷维索菊苣", "health": 2, "food_type": 2}}, {"model": "index.food", "pk": 271, "fields": {"name": "百里香", "health": 2, "food_type": 8}}, {"model": "index.food", "pk": 272, "fields": {"name": "松露", "health": 2, "food_type": 3}}, {"model": "index.food", "pk": 273, "fields": {"name": "金枪鱼", "health": 2, "food_type": 5}}, {"model": "index.food", "pk": 274, "fields": {"name": "姜黄", "health": 2, "food_type": 8}}, {"model": "index.food", "pk": 275, "fields": {"name": "核桃", "health": 2, "food_type": 4}}, {"model": "index.food", "pk": 276, "fields": {"name": "山葵", "health": 2, "food_type": 2}}, {"model": "index.food", "pk": 277, "fields": {"name": "西洋菜", "health": 2, "food_type": 2}}, {"model": "index.food", "pk": 278, "fields": {"name": "全谷物", "health": 2, "food_type": 4}}, {"model": "index.food", "pk": 279, "fields": {"name": "黄尾鱼", "health": 2, "food_type": 5}}, {"model": "index.food", "pk": 280, "fields": {"name": "杏", "health": 3, "food_type": 4}}, {"model": "index.food", "pk": 281, "fields": {"name": "芝麻菜", "health": 3, "food_type": 2}}, {"model": "index.food", "pk": 282, "fields": {"name": "芦笋", "health": 3, "food_type": 2}}, {"model": "index.food", "pk": 283, "fields": {"name": "竹笋", "health": 3, "food_type": 2}}, {"model": "index.food", "pk": 284, "fields": {"name": "黑豆", "health": 3, "food_type": 3}}, {"model": "index.food", "pk": 285, "fields": {"name": "红茶", "health": 3, "food_type": 11}}, {"model": "index.food", "pk": 286, "fields": {"name": "蓝莓", "health": 3, "food_type": 1}}, {"model": "index.food", "pk": 287, "fields": {"name": "小白菜", "health": 3, "food_type": 2}}, {"model": "index.food", "pk": 288, "fields": {"name": "西蓝花", "health": 3, "food_type": 2}}, {"model": "index.food", "pk": 289, "fields": {"name": "卷心菜", "health": 3, "food_type": 2}}, {"model": "index.food", "pk": 290, "fields": {"name": "卡芒贝尔奶酪", "health": 3, "food_type": 7}}, {"model": "index.food", "pk": 291, "fields": {"name": "胡萝卜", "health": 3, "food_type": 2}}, {"model": "index.food", "pk": 292, "fields": {"name": "花椰菜", "health": 3, "food_type": 2}}, {"model": "index.food", "pk": 293, "fields": {"name": "洋甘菊茶", "health": 3, "food_type": 11}}, {"model": "index.food", "pk": 294, "fields": {"name": "鸡油菌", "health": 3, "food_type": 3}}, {"model": "index.food", "pk": 295, "fields": {"name": "樱桃", "health": 3, "food_type": 1}}, {"model": "index.food", "pk": 296, "fields": {"name": "奇亚籽", "health": 3, "food_type": 4}}, {"model": "index.food", "pk": 297, "fields": {"name": "鹰嘴豆", "health": 3, "food_type": 3}}, {"model": "index.food", "pk": 298, "fields": {"name": "辣椒", "health": 3, "food_type": 2}}, {"model": "index.food", "pk": 299, "fields": {"name": "咖啡", "health": 3, "food_type": 11}}, {"model": "index.food", "pk": 300, "fields": {"name": "康科德葡萄汁", "health": 3, "food_type": 11}}, {"model": "index.food", "pk": 301, "fields": {"name": "蔓越莓", "health": 3, "food_type": 11}}, {"model": "index.food", "pk": 302, "fields": {"name": "蔓越莓汁", "health": 3, "food_type": 11}}, {"model": "index.food", "pk": 303, "fields": {"name": "黑巧克力", "health": 3, "food_type": 10}}, {"model": "index.food", "pk": 304, "fields": {"name": "茄子", "health": 3, "food_type": 2}}, {"model": "index.food", "pk": 305, "fields": {"name": "金针菇", "health": 3, "food_type": 3}}, {"model": "index.food", "pk": 306, "fields": {"name": "阔叶菊苣", "health": 3, "food_type": 2}}, {"model": "index.food", "pk": 307, "fields": {"name": "蕨菜", "health": 3, "food_type": 2}}, {"model": "index.food", "pk": 308, "fields": {"name": "亚麻籽", "health": 3, "food_type": 4}}, {"model": "index.food", "pk": 309, "fields": {"name": "卷叶菊苣", "health": 3, "food_type": 2}}, {"model": "index.food", "pk": 310, "fields": {"name": "豪达奶酪", "health": 3, "food_type": 7}}, {"model": "index.food", "pk": 311, "fields": {"name": "绿茶", "health": 3, "food_type": 11}}, {"model": "index.food", "pk": 312, "fields": {"name": "羽衣甘蓝", "health": 3, "food_type": 2}}, {"model": "index.food", "pk": 313, "fields": {"name": "韩国泡菜", "health": 3, "food_type": 2}}, {"model": "index.food", "pk": 314, "fields": {"name": "奇异果", "health": 3, "food_type": 1}}, {"model": "index.food", "pk": 315, "fields": {"name": "小扁豆", "health": 3, "food_type": 3}}, {"model": "index.food", "pk": 316, "fields": {"name": "猴头菇", "health": 3, "food_type": 3}}, {"model": "index.food", "pk": 317, "fields": {"name": "荔枝", "health": 3, "food_type": 1}}, {"model": "index.food", "pk": 318, "fields": {"name": "舞茸", "health": 3, "food_type": 3}}, {"model": "index.food", "pk": 319, "fields": {"name": "杧果", "health": 3, "food_type": 1}}, {"model": "index.food", "pk": 320, "fields": {"name": "羊肚菌", "health": 3, "food_type": 3}}, {"model": "index.food", "pk": 321, "fields": {"name": "菜豆", "health": 3, "food_type": 3}}, {"model": "index.food", "pk": 322, "fields": {"name": "油桃", "health": 3, "food_type": 1}}, {"model": "index.food", "pk": 323, "fields": {"name": "橄榄油（特级初榨橄榄油）", "health": 3, "food_type": 9}}, {"model": "index.food", "pk": 324, "fields": {"name": "乌龙茶", "health": 3, "food_type": 11}}, {"model": "index.food", "pk": 325, "fields": {"name": "平菇", "health": 3, "food_type": 3}}, {"model": "index.food", "pk": 326, "fields": {"name": "中国泡菜", "health": 3, "food_type": 2}}, {"model": "index.food", "pk": 327, "fields": {"name": "帕尔马干酪", "health": 3, "food_type": 7}}, {"model": "index.food", "pk": 328, "fields": {"name": "桃子", "health": 3, "food_type": 1}}, {"model": "index.food", "pk": 329, "fields": {"name": "豌豆", "health": 3, "food_type": 3}}, {"model": "index.food", "pk": 330, "fields": {"name": "李子", "health": 3, "food_type": 1}}, {"model": "index.food", "pk": 331, "fields": {"name": "石榴汁", "health": 3, "food_type": 11}}, {"model": "index.food", "pk": 332, "fields": {"name": "牛肝菌", "health": 3, "food_type": 3}}, {"model": "index.food", "pk": 333, "fields": {"name": "裸麦粗面包", "health": 3, "food_type": 4}}, {"model": "index.food", "pk": 334, "fields": {"name": "南瓜子", "health": 3, "food_type": 4}}, {"model": "index.food", "pk": 335, "fields": {"name": "绿叶菊苣", "health": 3, "food_type": 2}}, {"model": "index.food", "pk": 336, "fields": {"name": "红菊苣", "health": 3, "food_type": 2}}, {"model": "index.food", "pk": 337, "fields": {"name": "红葡萄酒（赤霞珠、品丽珠、味而多）", "health": 3, "food_type": 11}}, {"model": "index.food", "pk": 338, "fields": {"name": "芜菁甘蓝", "health": 3, "food_type": 2}}, {"model": "index.food", "pk": 339, "fields": {"name": "德国酸菜", "health": 3, "food_type": 2}}, {"model": "index.food", "pk": 340, "fields": {"name": "芝麻", "health": 3, "food_type": 4}}, {"model": "index.food", "pk": 341, "fields": {"name": "香菇", "health": 3, "food_type": 3}}, {"model": "index.food", "pk": 342, "fields": {"name": "酸面包", "health": 3, "food_type": 4}}, {"model": "index.food", "pk": 343, "fields": {"name": "墨鱼汁", "health": 3, "food_type": 5}}, {"model": "index.food", "pk": 344, "fields": {"name": "葵花子", "health": 3, "food_type": 4}}, {"model": "index.food", "pk": 345, "fields": {"name": "特雷维索菊苣", "health": 3, "food_type": 2}}, {"model": "index.food", "pk": 346, "fields": {"name": "番茄", "health": 3, "food_type": 2}}, {"model": "index.food", "pk": 347, "fields": {"name": "芜菁", "health": 3, "food_type": 2}}, {"model": "index.food", "pk": 348, "fields": {"name": "核桃", "health": 3, "food_type": 4}}, {"model": "index.food", "pk": 349, "fields": {"name": "白蘑菇", "health": 3, "food_type": 3}}, {"model": "index.food", "pk": 350, "fields": {"name": "全谷物", "health": 3, "food_type": 4}}, {"model": "index.food", "pk": 351, "fields": {"name": "酸奶", "health": 3, "food_type": 7}}, {"model": "index.food", "pk": 352, "fields": {"name": "针叶樱桃", "health": 4, "food_type": 1}}, {"model": "index.food", "pk": 353, "fields": {"name": "杏仁酱", "health": 4, "food_type": 4}}, {"model": "index.food", "pk": 354, "fields": {"name": "杏仁", "health": 4, "food_type": 4}}, {"model": "index.food", "pk": 355, "fields": {"name": "凤尾鱼", "health": 4, "food_type": 5}}, {"model": "index.food", "pk": 356, "fields": {"name": "杏", "health": 4, "food_type": 4}}, {"model": "index.food", "pk": 357, "fields": {"name": "北极红点鲑", "health": 4, "food_type": 5}}, {"model": "index.food", "pk": 358, "fields": {"name": "芝麻菜", "health": 4, "food_type": 2}}, {"model": "index.food", "pk": 359, "fields": {"name": "竹笋", "health": 4, "food_type": 2}}, {"model": "index.food", "pk": 360, "fields": {"name": "罗勒", "health": 4, "food_type": 8}}, {"model": "index.food", "pk": 361, "fields": {"name": "大眼金枪鱼", "health": 4, "food_type": 5}}, {"model": "index.food", "pk": 362, "fields": {"name": "黑鲈鱼", "health": 4, "food_type": 5}}, {"model": "index.food", "pk": 363, "fields": {"name": "红茶", "health": 4, "food_type": 11}}, {"model": "index.food", "pk": 364, "fields": {"name": "蓝莓", "health": 4, "food_type": 1}}, {"model": "index.food", "pk": 365, "fields": {"name": "蓝鳍金枪鱼", "health": 4, "food_type": 5}}, {"model": "index.food", "pk": 366, "fields": {"name": "青鱼", "health": 4, "food_type": 5}}, {"model": "index.food", "pk": 367, "fields": {"name": "小白菜", "health": 4, "food_type": 2}}, {"model": "index.food", "pk": 368, "fields": {"name": "腌鲻鱼卵", "health": 4, "food_type": 5}}, {"model": "index.food", "pk": 369, "fields": {"name": "巴西坚果", "health": 4, "food_type": 4}}, {"model": "index.food", "pk": 370, "fields": {"name": "西蓝花", "health": 4, "food_type": 2}}, {"model": "index.food", "pk": 371, "fields": {"name": "球花甘蓝", "health": 4, "food_type": 2}}, {"model": "index.food", "pk": 372, "fields": {"name": "西蓝花苗", "health": 4, "food_type": 2}}, {"model": "index.food", "pk": 373, "fields": {"name": "卷心菜", "health": 4, "food_type": 2}}, {"model": "index.food", "pk": 374, "fields": {"name": "卡姆果", "health": 4, "food_type": 1}}, {"model": "index.food", "pk": 375, "fields": {"name": "胡萝卜", "health": 4, "food_type": 2}}, {"model": "index.food", "pk": 376, "fields": {"name": "腰果酱", "health": 4, "food_type": 4}}, {"model": "index.food", "pk": 377, "fields": {"name": "腰果", "health": 4, "food_type": 4}}, {"model": "index.food", "pk": 378, "fields": {"name": "花椰菜", "health": 4, "food_type": 2}}, {"model": "index.food", "pk": 379, "fields": {"name": "鱼子酱（鲟鱼）", "health": 4, "food_type": 5}}, {"model": "index.food", "pk": 380, "fields": {"name": "洋甘菊茶", "health": 4, "food_type": 11}}, {"model": "index.food", "pk": 381, "fields": {"name": "樱桃", "health": 4, "food_type": 1}}, {"model": "index.food", "pk": 382, "fields": {"name": "圣女果", "health": 4, "food_type": 2}}, {"model": "index.food", "pk": 383, "fields": {"name": "栗子", "health": 4, "food_type": 4}}, {"model": "index.food", "pk": 384, "fields": {"name": "鸟蛤", "health": 4, "food_type": 5}}, {"model": "index.food", "pk": 385, "fields": {"name": "咖啡", "health": 4, "food_type": 11}}, {"model": "index.food", "pk": 386, "fields": {"name": "康科德葡萄汁", "health": 4, "food_type": 11}}, {"model": "index.food", "pk": 387, "fields": {"name": "黑巧克力", "health": 4, "food_type": 10}}, {"model": "index.food", "pk": 388, "fields": {"name": "东方牡蛎", "health": 4, "food_type": 5}}, {"model": "index.food", "pk": 389, "fields": {"name": "茄子", "health": 4, "food_type": 2}}, {"model": "index.food", "pk": 390, "fields": {"name": "蕨菜", "health": 4, "food_type": 2}}, {"model": "index.food", "pk": 391, "fields": {"name": "鱼卵（三文鱼）", "health": 4, "food_type": 5}}, {"model": "index.food", "pk": 392, "fields": {"name": "亚麻籽", "health": 4, "food_type": 4}}, {"model": "index.food", "pk": 393, "fields": {"name": "葡萄柚", "health": 4, "food_type": 1}}, {"model": "index.food", "pk": 394, "fields": {"name": "鲻鱼", "health": 4, "food_type": 5}}, {"model": "index.food", "pk": 395, "fields": {"name": "绿茶", "health": 4, "food_type": 11}}, {"model": "index.food", "pk": 396, "fields": {"name": "番石榴", "health": 4, "food_type": 1}}, {"model": "index.food", "pk": 397, "fields": {"name": "鳕鱼", "health": 4, "food_type": 5}}, {"model": "index.food", "pk": 398, "fields": {"name": "大比目鱼", "health": 4, "food_type": 5}}, {"model": "index.food", "pk": 399, "fields": {"name": "榛子", "health": 4, "food_type": 4}}, {"model": "index.food", "pk": 400, "fields": {"name": "海鲂", "health": 4, "food_type": 5}}, {"model": "index.food", "pk": 401, "fields": {"name": "羽衣甘蓝", "health": 4, "food_type": 2}}, {"model": "index.food", "pk": 402, "fields": {"name": "奇异果", "health": 4, "food_type": 1}}, {"model": "index.food", "pk": 403, "fields": {"name": "荔枝", "health": 4, "food_type": 1}}, {"model": "index.food", "pk": 404, "fields": {"name": "夏威夷果", "health": 4, "food_type": 4}}, {"model": "index.food", "pk": 405, "fields": {"name": "鲭鱼", "health": 4, "food_type": 5}}, {"model": "index.food", "pk": 406, "fields": {"name": "杧果", "health": 4, "food_type": 1}}, {"model": "index.food", "pk": 407, "fields": {"name": "菲律宾蛤仔", "health": 4, "food_type": 5}}, {"model": "index.food", "pk": 408, "fields": {"name": "马郁兰", "health": 4, "food_type": 8}}, {"model": "index.food", "pk": 409, "fields": {"name": "地中海鲈鱼", "health": 4, "food_type": 5}}, {"model": "index.food", "pk": 410, "fields": {"name": "混合浆果汁", "health": 4, "food_type": 11}}, {"model": "index.food", "pk": 411, "fields": {"name": "油桃", "health": 4, "food_type": 1}}, {"model": "index.food", "pk": 412, "fields": {"name": "橄榄油（特级初榨橄榄油）", "health": 4, "food_type": 9}}, {"model": "index.food", "pk": 413, "fields": {"name": "乌龙茶", "health": 4, "food_type": 11}}, {"model": "index.food", "pk": 414, "fields": {"name": "橙汁", "health": 4, "food_type": 11}}, {"model": "index.food", "pk": 415, "fields": {"name": "橙子", "health": 4, "food_type": 1}}, {"model": "index.food", "pk": 416, "fields": {"name": "蚝油", "health": 4, "food_type": 5}}, {"model": "index.food", "pk": 417, "fields": {"name": "太平洋牡蛎", "health": 4, "food_type": 5}}, {"model": "index.food", "pk": 418, "fields": {"name": "番木瓜", "health": 4, "food_type": 1}}, {"model": "index.food", "pk": 419, "fields": {"name": "桃子", "health": 4, "food_type": 1}}, {"model": "index.food", "pk": 420, "fields": {"name": "花生酱", "health": 4, "food_type": 4}}, {"model": "index.food", "pk": 421, "fields": {"name": "花生", "health": 4, "food_type": 4}}, {"model": "index.food", "pk": 422, "fields": {"name": "碧根果", "health": 4, "food_type": 4}}, {"model": "index.food", "pk": 423, "fields": {"name": "薄荷", "health": 4, "food_type": 8}}, {"model": "index.food", "pk": 424, "fields": {"name": "松子", "health": 4, "food_type": 4}}, {"model": "index.food", "pk": 425, "fields": {"name": "粉红葡萄柚", "health": 4, "food_type": 1}}, {"model": "index.food", "pk": 426, "fields": {"name": "开心果", "health": 4, "food_type": 4}}, {"model": "index.food", "pk": 427, "fields": {"name": "李子", "health": 4, "food_type": 1}}, {"model": "index.food", "pk": 428, "fields": {"name": "鲳鲹鱼", "health": 4, "food_type": 5}}, {"model": "index.food", "pk": 429, "fields": {"name": "南瓜子", "health": 4, "food_type": 4}}, {"model": "index.food", "pk": 430, "fields": {"name": "虹鳟鱼", "health": 4, "food_type": 5}}, {"model": "index.food", "pk": 431, "fields": {"name": "红黑皮番茄", "health": 4, "food_type": 2}}, {"model": "index.food", "pk": 432, "fields": {"name": "红鲻鱼", "health": 4, "food_type": 5}}, {"model": "index.food", "pk": 433, "fields": {"name": "红鱼", "health": 4, "food_type": 5}}, {"model": "index.food", "pk": 434, "fields": {"name": "罗马花椰菜", "health": 4, "food_type": 2}}, {"model": "index.food", "pk": 435, "fields": {"name": "迷迭香", "health": 4, "food_type": 8}}, {"model": "index.food", "pk": 436, "fields": {"name": "芜菁甘蓝", "health": 4, "food_type": 2}}, {"model": "index.food", "pk": 437, "fields": {"name": "鼠尾草", "health": 4, "food_type": 8}}, {"model": "index.food", "pk": 438, "fields": {"name": "三文鱼", "health": 4, "food_type": 5}}, {"model": "index.food", "pk": 439, "fields": {"name": "圣马扎诺番茄", "health": 4, "food_type": 2}}, {"model": "index.food", "pk": 440, "fields": {"name": "沙丁鱼", "health": 4, "food_type": 5}}, {"model": "index.food", "pk": 441, "fields": {"name": "海鲈", "health": 4, "food_type": 5}}, {"model": "index.food", "pk": 442, "fields": {"name": "海鲷", "health": 4, "food_type": 5}}, {"model": "index.food", "pk": 443, "fields": {"name": "海参", "health": 4, "food_type": 5}}, {"model": "index.food", "pk": 444, "fields": {"name": "芝麻", "health": 4, "food_type": 4}}, {"model": "index.food", "pk": 445, "fields": {"name": "大豆", "health": 4, "food_type": 3}}, {"model": "index.food", "pk": 446, "fields": {"name": "刺龙虾", "health": 4, "food_type": 5}}, {"model": "index.food", "pk": 447, "fields": {"name": "西葫芦花", "health": 4, "food_type": 2}}, {"model": "index.food", "pk": 448, "fields": {"name": "西葫芦籽", "health": 4, "food_type": 4}}, {"model": "index.food", "pk": 449, "fields": {"name": "墨鱼汁", "health": 4, "food_type": 5}}, {"model": "index.food", "pk": 450, "fields": {"name": "草莓", "health": 4, "food_type": 1}}, {"model": "index.food", "pk": 451, "fields": {"name": "葵花子", "health": 4, "food_type": 4}}, {"model": "index.food", "pk": 452, "fields": {"name": "剑鱼", "health": 4, "food_type": 5}}, {"model": "index.food", "pk": 453, "fields": {"name": "芝麻酱", "health": 4, "food_type": 4}}, {"model": "index.food", "pk": 454, "fields": {"name": "橘红色番茄", "health": 4, "food_type": 2}}, {"model": "index.food", "pk": 455, "fields": {"name": "百里香", "health": 4, "food_type": 8}}, {"model": "index.food", "pk": 456, "fields": {"name": "松露", "health": 4, "food_type": 3}}, {"model": "index.food", "pk": 457, "fields": {"name": "金枪鱼", "health": 4, "food_type": 5}}, {"model": "index.food", "pk": 458, "fields": {"name": "姜黄", "health": 4, "food_type": 8}}, {"model": "index.food", "pk": 459, "fields": {"name": "芜菁", "health": 4, "food_type": 2}}, {"model": "index.food", "pk": 460, "fields": {"name": "核桃", "health": 4, "food_type": 4}}, {"model": "index.food", "pk": 461, "fields": {"name": "西瓜", "health": 4, "food_type": 1}}, {"model": "index.food", "pk": 462, "fields": {"name": "黄尾鱼", "health": 4, "food_type": 5}}, {"model": "index.food", "pk": 463, "fields": {"name": "针叶樱桃", "health": 5, "food_type": 1}}, {"model": "index.food", "pk": 464, "fields": {"name": "陈年大蒜", "health": 5, "food_type": 2}}, {"model": "index.food", "pk": 465, "fields": {"name": "苹果皮", "health": 5, "food_type": 1}}, {"model": "index.food", "pk": 466, "fields": {"name": "苹果（澳洲青苹、蛇果、斑皮苹果）", "health": 5, "food_type": 1}}, {"model": "index.food", "pk": 467, "fields": {"name": "杏", "health": 5, "food_type": 4}}, {"model": "index.food", "pk": 468, "fields": {"name": "芝麻菜", "health": 5, "food_type": 2}}, {"model": "index.food", "pk": 469, "fields": {"name": "竹笋", "health": 5, "food_type": 2}}, {"model": "index.food", "pk": 470, "fields": {"name": "大麦", "health": 5, "food_type": 4}}, {"model": "index.food", "pk": 471, "fields": {"name": "比利时菊苣", "health": 5, "food_type": 2}}, {"model": "index.food", "pk": 472, "fields": {"name": "黑李子", "health": 5, "food_type": 1}}, {"model": "index.food", "pk": 473, "fields": {"name": "黑覆盆子", "health": 5, "food_type": 1}}, {"model": "index.food", "pk": 474, "fields": {"name": "红茶", "health": 5, "food_type": 11}}, {"model": "index.food", "pk": 475, "fields": {"name": "黑莓", "health": 5, "food_type": 1}}, {"model": "index.food", "pk": 476, "fields": {"name": "黑莓干", "health": 5, "food_type": 1}}, {"model": "index.food", "pk": 477, "fields": {"name": "蓝莓", "health": 5, "food_type": 1}}, {"model": "index.food", "pk": 478, "fields": {"name": "蓝莓干", "health": 5, "food_type": 1}}, {"model": "index.food", "pk": 479, "fields": {"name": "小白菜", "health": 5, "food_type": 2}}, {"model": "index.food", "pk": 480, "fields": {"name": "西蓝花", "health": 5, "food_type": 2}}, {"model": "index.food", "pk": 481, "fields": {"name": "球花甘蓝", "health": 5, "food_type": 2}}, {"model": "index.food", "pk": 482, "fields": {"name": "西蓝花苗", "health": 5, "food_type": 2}}, {"model": "index.food", "pk": 483, "fields": {"name": "卷心菜", "health": 5, "food_type": 2}}, {"model": "index.food", "pk": 484, "fields": {"name": "卡姆果", "health": 5, "food_type": 1}}, {"model": "index.food", "pk": 485, "fields": {"name": "刺山柑", "health": 5, "food_type": 2}}, {"model": "index.food", "pk": 486, "fields": {"name": "胡萝卜", "health": 5, "food_type": 2}}, {"model": "index.food", "pk": 487, "fields": {"name": "花椰菜", "health": 5, "food_type": 2}}, {"model": "index.food", "pk": 488, "fields": {"name": "洋甘菊茶", "health": 5, "food_type": 11}}, {"model": "index.food", "pk": 489, "fields": {"name": "鸡油菌", "health": 5, "food_type": 3}}, {"model": "index.food", "pk": 490, "fields": {"name": "樱桃", "health": 5, "food_type": 1}}, {"model": "index.food", "pk": 491, "fields": {"name": "樱桃干", "health": 5, "food_type": 1}}, {"model": "index.food", "pk": 492, "fields": {"name": "圣女果", "health": 5, "food_type": 2}}, {"model": "index.food", "pk": 493, "fields": {"name": "栗子", "health": 5, "food_type": 4}}, {"model": "index.food", "pk": 494, "fields": {"name": "奇亚籽", "health": 5, "food_type": 4}}, {"model": "index.food", "pk": 495, "fields": {"name": "辣椒", "health": 5, "food_type": 2}}, {"model": "index.food", "pk": 496, "fields": {"name": "咖啡", "health": 5, "food_type": 11}}, {"model": "index.food", "pk": 497, "fields": {"name": "芥蓝", "health": 5, "food_type": 2}}, {"model": "index.food", "pk": 498, "fields": {"name": "康科德葡萄汁", "health": 5, "food_type": 11}}, {"model": "index.food", "pk": 499, "fields": {"name": "蔓越莓", "health": 5, "food_type": 11}}, {"model": "index.food", "pk": 500, "fields": {"name": "蔓越莓干", "health": 5, "food_type": 1}}, {"model": "index.food", "pk": 501, "fields": {"name": "蔓越莓汁", "health": 5, "food_type": 11}}, {"model": "index.food", "pk": 502, "fields": {"name": "黑巧克力", "health": 5, "food_type": 10}}, {"model": "index.food", "pk": 503, "fields": {"name": "茄子", "health": 5, "food_type": 2}}, {"model": "index.food", "pk": 504, "fields": {"name": "金针菇", "health": 5, "food_type": 3}}, {"model": "index.food", "pk": 505, "fields": {"name": "阔叶菊苣", "health": 5, "food_type": 2}}, {"model": "index.food", "pk": 506, "fields": {"name": "蕨菜", "health": 5, "food_type": 2}}, {"model": "index.food", "pk": 507, "fields": {"name": "亚麻籽", "health": 5, "food_type": 4}}, {"model": "index.food", "pk": 508, "fields": {"name": "卷叶菊苣", "health": 5, "food_type": 2}}, {"model": "index.food", "pk": 509, "fields": {"name": "人参", "health": 5, "food_type": 8}}, {"model": "index.food", "pk": 510, "fields": {"name": "枸杞", "health": 5, "food_type": 1}}, {"model": "index.food", "pk": 511, "fields": {"name": "葡萄柚", "health": 5, "food_type": 1}}, {"model": "index.food", "pk": 512, "fields": {"name": "绿茶", "health": 5, "food_type": 11}}, {"model": "index.food", "pk": 513, "fields": {"name": "番石榴", "health": 5, "food_type": 1}}, {"model": "index.food", "pk": 514, "fields": {"name": "羽衣甘蓝", "health": 5, "food_type": 2}}, {"model": "index.food", "pk": 515, "fields": {"name": "韩国泡菜", "health": 5, "food_type": 2}}, {"model": "index.food", "pk": 516, "fields": {"name": "奇异果", "health": 5, "food_type": 1}}, {"model": "index.food", "pk": 517, "fields": {"name": "甘草", "health": 5, "food_type": 8}}, {"model": "index.food", "pk": 518, "fields": {"name": "荔枝", "health": 5, "food_type": 1}}, {"model": "index.food", "pk": 519, "fields": {"name": "舞茸", "health": 5, "food_type": 3}}, {"model": "index.food", "pk": 520, "fields": {"name": "杧果", "health": 5, "food_type": 1}}, {"model": "index.food", "pk": 521, "fields": {"name": "羊肚菌", "health": 5, "food_type": 3}}, {"model": "index.food", "pk": 522, "fields": {"name": "芥菜", "health": 5, "food_type": 2}}, {"model": "index.food", "pk": 523, "fields": {"name": "油桃", "health": 5, "food_type": 1}}, {"model": "index.food", "pk": 524, "fields": {"name": "橄榄油（特级初榨橄榄油）", "health": 5, "food_type": 9}}, {"model": "index.food", "pk": 525, "fields": {"name": "洋葱", "health": 5, "food_type": 2}}, {"model": "index.food", "pk": 526, "fields": {"name": "橙汁", "health": 5, "food_type": 11}}, {"model": "index.food", "pk": 527, "fields": {"name": "橙子", "health": 5, "food_type": 1}}, {"model": "index.food", "pk": 528, "fields": {"name": "平菇", "health": 5, "food_type": 3}}, {"model": "index.food", "pk": 529, "fields": {"name": "太平洋牡蛎", "health": 5, "food_type": 5}}, {"model": "index.food", "pk": 530, "fields": {"name": "桃子", "health": 5, "food_type": 1}}, {"model": "index.food", "pk": 531, "fields": {"name": "薄荷", "health": 5, "food_type": 8}}, {"model": "index.food", "pk": 532, "fields": {"name": "李子", "health": 5, "food_type": 1}}, {"model": "index.food", "pk": 533, "fields": {"name": "石榴", "health": 5, "food_type": 11}}, {"model": "index.food", "pk": 534, "fields": {"name": "牛肝菌", "health": 5, "food_type": 3}}, {"model": "index.food", "pk": 535, "fields": {"name": "南瓜子", "health": 5, "food_type": 4}}, {"model": "index.food", "pk": 536, "fields": {"name": "绿叶菊苣", "health": 5, "food_type": 2}}, {"model": "index.food", "pk": 537, "fields": {"name": "红菊苣", "health": 5, "food_type": 2}}, {"model": "index.food", "pk": 538, "fields": {"name": "覆盆子", "health": 5, "food_type": 1}}, {"model": "index.food", "pk": 539, "fields": {"name": "蛏子", "health": 5, "food_type": 5}}, {"model": "index.food", "pk": 540, "fields": {"name": "红叶莴苣", "health": 5, "food_type": 2}}, {"model": "index.food", "pk": 541, "fields": {"name": "红葡萄酒（赤霞珠、品丽珠、味而多）", "health": 5, "food_type": 11}}, {"model": "index.food", "pk": 542, "fields": {"name": "罗马花椰菜", "health": 5, "food_type": 2}}, {"model": "index.food", "pk": 543, "fields": {"name": "迷迭香", "health": 5, "food_type": 8}}, {"model": "index.food", "pk": 544, "fields": {"name": "芜菁甘蓝", "health": 5, "food_type": 2}}, {"model": "index.food", "pk": 545, "fields": {"name": "藏红花", "health": 5, "food_type": 8}}, {"model": "index.food", "pk": 546, "fields": {"name": "德国酸菜", "health": 5, "food_type": 2}}, {"model": "index.food", "pk": 547, "fields": {"name": "芝麻", "health": 5, "food_type": 4}}, {"model": "index.food", "pk": 548, "fields": {"name": "香菇", "health": 5, "food_type": 3}}, {"model": "index.food", "pk": 549, "fields": {"name": "菠菜", "health": 5, "food_type": 2}}, {"model": "index.food", "pk": 550, "fields": {"name": "西葫芦花", "health": 5, "food_type": 2}}, {"model": "index.food", "pk": 551, "fields": {"name": "墨鱼汁", "health": 5, "food_type": 5}}, {"model": "index.food", "pk": 552, "fields": {"name": "草莓", "health": 5, "food_type": 1}}, {"model": "index.food", "pk": 553, "fields": {"name": "无核葡萄干", "health": 5, "food_type": 1}}, {"model": "index.food", "pk": 554, "fields": {"name": "牛皮菜", "health": 5, "food_type": 2}}, {"model": "index.food", "pk": 555, "fields": {"name": "特雷维索菊苣", "health": 5, "food_type": 2}}, {"model": "index.food", "pk": 556, "fields": {"name": "松露", "health": 5, "food_type": 3}}, {"model": "index.food", "pk": 557, "fields": {"name": "姜黄", "health": 5, "food_type": 8}}, {"model": "index.food", "pk": 558, "fields": {"name": "芜菁", "health": 5, "food_type": 2}}, {"model": "index.food", "pk": 559, "fields": {"name": "核桃", "health": 5, "food_type": 4}}, {"model": "index.food", "pk": 560, "fields": {"name": "西洋菜", "health": 5, "food_type": 2}}, {"model": "index.food", "pk": 561, "fields": {"name": "白蘑菇", "health": 5, "food_type": 3}}]